card_name,count,あんてい食品,ロケット電機,キラキラ商事,かさ屋HD,そらとび旅行,ドライブ自動車
好景気がやってきた,4,1,6,2,-4,8,8
株ブームで市場が過熱,3,1,9,3,-3,5,5
大不況が発生,3,0,-11,-3,4,-13,-13
世界的な金融危機,2,0,-15,-5,5,-11,-11
増税で消費が冷え込む,3,0,-3,-2,2,-4,-4
海外旅行ブーム,2,0,0,0,0,9,2
感染症の流行,2,2,0,0,2,-10,-3
ガソリン価格の高騰,2,0,0,0,0,-3,-6
電気自動車ブーム,2,0,5,0,0,0,9
記録的な長梅雨,3,0,0,0,5,-4,-2
猛暑で快晴つづき,3,2,0,0,-5,5,0
ロケット電機の新製品が世界的大ヒット,2,0,14,0,0,0,0
ロケット電機、開発に大失敗,2,0,-13,0,0,0,0
キラキラ商事に不祥事が発覚,3,0,0,-14,0,0,0
キラキラ商事がSNSで大バズり,2,0,0,8,0,0,0
あんてい食品、値上げしても大人気,2,2,0,0,0,0,0
健康食品ブーム,2,2,0,2,0,0,0
おだやかな10年,4,0,0,0,0,0,0
