date,name,close
2011-04-30,あんてい食品,1000.0
2011-05-31,あんてい食品,1006.0
2011-06-30,あんてい食品,1007.0
2011-07-31,あんてい食品,1017.0
2011-08-31,あんてい食品,1022.0
2011-09-30,あんてい食品,1025.0
2011-10-31,あんてい食品,1033.0
2011-11-30,あんてい食品,1035.0
2011-12-31,あんてい食品,1042.0
2012-01-31,あんてい食品,1047.0
2012-02-29,あんてい食品,1053.0
2012-03-31,あんてい食品,1054.0
2012-04-30,あんてい食品,1059.0
2012-05-31,あんてい食品,1064.0
2012-06-30,あんてい食品,1069.0
2012-07-31,あんてい食品,1075.0
2012-08-31,あんてい食品,1085.0
2012-09-30,あんてい食品,1089.0
2012-10-31,あんてい食品,1090.0
2012-11-30,あんてい食品,1097.0
2012-12-31,あんてい食品,1100.0
2013-01-31,あんてい食品,1109.0
2013-02-28,あんてい食品,1111.0
2013-03-31,あんてい食品,1112.0
2013-04-30,あんてい食品,1117.0
2013-05-31,あんてい食品,1116.0
2013-06-30,あんてい食品,1118.0
2013-07-31,あんてい食品,1125.0
2013-08-31,あんてい食品,1122.0
2013-09-30,あんてい食品,1127.0
2013-10-31,あんてい食品,1129.0
2013-11-30,あんてい食品,1133.0
2013-12-31,あんてい食品,1142.0
2014-01-31,あんてい食品,1147.0
2014-02-28,あんてい食品,1152.0
2014-03-31,あんてい食品,1154.0
2014-04-30,あんてい食品,1165.0
2014-05-31,あんてい食品,1171.0
2014-06-30,あんてい食品,1167.0
2014-07-31,あんてい食品,1177.0
2014-08-31,あんてい食品,1175.0
2014-09-30,あんてい食品,1185.0
2014-10-31,あんてい食品,1184.0
2014-11-30,あんてい食品,1191.0
2014-12-31,あんてい食品,1200.0
2015-01-31,あんてい食品,1203.0
2015-02-28,あんてい食品,1210.0
2015-03-31,あんてい食品,1217.0
2015-04-30,あんてい食品,1214.0
2015-05-31,あんてい食品,1227.0
2015-06-30,あんてい食品,1231.0
2015-07-31,あんてい食品,1237.0
2015-08-31,あんてい食品,1242.0
2015-09-30,あんてい食品,1252.0
2015-10-31,あんてい食品,1256.0
2015-11-30,あんてい食品,1255.0
2015-12-31,あんてい食品,1263.0
2016-01-31,あんてい食品,1256.0
2016-02-29,あんてい食品,1265.0
2016-03-31,あんてい食品,1261.0
2016-04-30,あんてい食品,1271.0
2016-05-31,あんてい食品,1279.0
2016-06-30,あんてい食品,1283.0
2016-07-31,あんてい食品,1286.0
2016-08-31,あんてい食品,1291.0
2016-09-30,あんてい食品,1291.0
2016-10-31,あんてい食品,1300.0
2016-11-30,あんてい食品,1307.0
2016-12-31,あんてい食品,1316.0
2017-01-31,あんてい食品,1317.0
2017-02-28,あんてい食品,1318.0
2017-03-31,あんてい食品,1320.0
2017-04-30,あんてい食品,1314.0
2017-05-31,あんてい食品,1312.0
2017-06-30,あんてい食品,1319.0
2017-07-31,あんてい食品,1330.0
2017-08-31,あんてい食品,1332.0
2017-09-30,あんてい食品,1332.0
2017-10-31,あんてい食品,1345.0
2017-11-30,あんてい食品,1339.0
2017-12-31,あんてい食品,1349.0
2018-01-31,あんてい食品,1344.0
2018-02-28,あんてい食品,1350.0
2018-03-31,あんてい食品,1355.0
2018-04-30,あんてい食品,1363.0
2018-05-31,あんてい食品,1369.0
2018-06-30,あんてい食品,1371.0
2018-07-31,あんてい食品,1374.0
2018-08-31,あんてい食品,1376.0
2018-09-30,あんてい食品,1386.0
2018-10-31,あんてい食品,1385.0
2018-11-30,あんてい食品,1396.0
2018-12-31,あんてい食品,1401.0
2019-01-31,あんてい食品,1400.0
2019-02-28,あんてい食品,1411.0
2019-03-31,あんてい食品,1410.0
2019-04-30,あんてい食品,1408.0
2019-05-31,あんてい食品,1412.0
2019-06-30,あんてい食品,1417.0
2019-07-31,あんてい食品,1427.0
2019-08-31,あんてい食品,1438.0
2019-09-30,あんてい食品,1439.0
2019-10-31,あんてい食品,1442.0
2019-11-30,あんてい食品,1444.0
2019-12-31,あんてい食品,1439.0
2020-01-31,あんてい食品,1442.0
2020-02-29,あんてい食品,1435.0
2020-03-31,あんてい食品,1439.0
2020-04-30,あんてい食品,1438.0
2020-05-31,あんてい食品,1438.0
2020-06-30,あんてい食品,1446.0
2020-07-31,あんてい食品,1453.0
2020-08-31,あんてい食品,1464.0
2020-09-30,あんてい食品,1462.0
2020-10-31,あんてい食品,1468.0
2020-11-30,あんてい食品,1479.0
2020-12-31,あんてい食品,1477.0
2021-01-31,あんてい食品,1476.0
2021-02-28,あんてい食品,1477.0
2021-03-31,あんてい食品,1484.0
2021-04-30,あんてい食品,1482.0
2021-05-31,あんてい食品,1493.0
2021-06-30,あんてい食品,1494.0
2021-07-31,あんてい食品,1480.0
2021-08-31,あんてい食品,1487.0
2021-09-30,あんてい食品,1491.0
2021-10-31,あんてい食品,1497.0
2021-11-30,あんてい食品,1511.0
2021-12-31,あんてい食品,1513.0
2022-01-31,あんてい食品,1516.0
2022-02-28,あんてい食品,1522.0
2022-03-31,あんてい食品,1521.0
2022-04-30,あんてい食品,1524.0
2022-05-31,あんてい食品,1525.0
2022-06-30,あんてい食品,1532.0
2022-07-31,あんてい食品,1534.0
2022-08-31,あんてい食品,1536.0
2022-09-30,あんてい食品,1533.0
2022-10-31,あんてい食品,1548.0
2022-11-30,あんてい食品,1555.0
2022-12-31,あんてい食品,1564.0
2023-01-31,あんてい食品,1578.0
2023-02-28,あんてい食品,1587.0
2023-03-31,あんてい食品,1593.0
2023-04-30,あんてい食品,1600.0
2023-05-31,あんてい食品,1621.0
2023-06-30,あんてい食品,1622.0
2023-07-31,あんてい食品,1624.0
2023-08-31,あんてい食品,1636.0
2023-09-30,あんてい食品,1644.0
2023-10-31,あんてい食品,1656.0
2023-11-30,あんてい食品,1652.0
2023-12-31,あんてい食品,1651.0
2024-01-31,あんてい食品,1658.0
2024-02-29,あんてい食品,1655.0
2024-03-31,あんてい食品,1673.0
2024-04-30,あんてい食品,1677.0
2024-05-31,あんてい食品,1677.0
2024-06-30,あんてい食品,1682.0
2024-07-31,あんてい食品,1691.0
2024-08-31,あんてい食品,1708.0
2024-09-30,あんてい食品,1716.0
2024-10-31,あんてい食品,1721.0
2024-11-30,あんてい食品,1730.0
2024-12-31,あんてい食品,1741.0
2025-01-31,あんてい食品,1746.0
2025-02-28,あんてい食品,1763.0
2025-03-31,あんてい食品,1767.0
2025-04-30,あんてい食品,1765.0
2025-05-31,あんてい食品,1777.0
2025-06-30,あんてい食品,1789.0
2025-07-31,あんてい食品,1783.0
2025-08-31,あんてい食品,1789.0
2025-09-30,あんてい食品,1787.0
2025-10-31,あんてい食品,1790.0
2025-11-30,あんてい食品,1796.0
2025-12-31,あんてい食品,1798.0
2026-01-31,あんてい食品,1806.0
2026-02-28,あんてい食品,1811.0
2026-03-31,あんてい食品,1812.0
2011-04-30,ロケット電機,986.0
2011-05-31,ロケット電機,1001.0
2011-06-30,ロケット電機,992.0
2011-07-31,ロケット電機,994.0
2011-08-31,ロケット電機,1007.0
2011-09-30,ロケット電機,1036.0
2011-10-31,ロケット電機,996.0
2011-11-30,ロケット電機,1012.0
2011-12-31,ロケット電機,966.0
2012-01-31,ロケット電機,989.0
2012-02-29,ロケット電機,1007.0
2012-03-31,ロケット電機,1042.0
2012-04-30,ロケット電機,1063.0
2012-05-31,ロケット電機,1021.0
2012-06-30,ロケット電機,1040.0
2012-07-31,ロケット電機,1018.0
2012-08-31,ロケット電機,1035.0
2012-09-30,ロケット電機,1048.0
2012-10-31,ロケット電機,1075.0
2012-11-30,ロケット電機,1089.0
2012-12-31,ロケット電機,1098.0
2013-01-31,ロケット電機,1089.0
2013-02-28,ロケット電機,1095.0
2013-03-31,ロケット電機,1145.0
2013-04-30,ロケット電機,1157.0
2013-05-31,ロケット電機,1151.0
2013-06-30,ロケット電機,1121.0
2013-07-31,ロケット電機,1115.0
2013-08-31,ロケット電機,1089.0
2013-09-30,ロケット電機,1145.0
2013-10-31,ロケット電機,1230.0
2013-11-30,ロケット電機,1259.0
2013-12-31,ロケット電機,1304.0
2014-01-31,ロケット電機,1301.0
2014-02-28,ロケット電機,1274.0
2014-03-31,ロケット電機,1252.0
2014-04-30,ロケット電機,1276.0
2014-05-31,ロケット電機,1278.0
2014-06-30,ロケット電機,1322.0
2014-07-31,ロケット電機,1329.0
2014-08-31,ロケット電機,1338.0
2014-09-30,ロケット電機,1378.0
2014-10-31,ロケット電機,1379.0
2014-11-30,ロケット電機,1369.0
2014-12-31,ロケット電機,1367.0
2015-01-31,ロケット電機,1343.0
2015-02-28,ロケット電機,1384.0
2015-03-31,ロケット電機,1364.0
2015-04-30,ロケット電機,1410.0
2015-05-31,ロケット電機,1409.0
2015-06-30,ロケット電機,1426.0
2015-07-31,ロケット電機,1435.0
2015-08-31,ロケット電機,1459.0
2015-09-30,ロケット電機,1505.0
2015-10-31,ロケット電機,1463.0
2015-11-30,ロケット電機,1491.0
2015-12-31,ロケット電機,1439.0
2016-01-31,ロケット電機,1450.0
2016-02-29,ロケット電機,1461.0
2016-03-31,ロケット電機,1508.0
2016-04-30,ロケット電機,1538.0
2016-05-31,ロケット電機,1574.0
2016-06-30,ロケット電機,1530.0
2016-07-31,ロケット電機,1554.0
2016-08-31,ロケット電機,1552.0
2016-09-30,ロケット電機,1583.0
2016-10-31,ロケット電機,1660.0
2016-11-30,ロケット電機,1623.0
2016-12-31,ロケット電機,1614.0
2017-01-31,ロケット電機,1671.0
2017-02-28,ロケット電機,1668.0
2017-03-31,ロケット電機,1720.0
2017-04-30,ロケット電機,1690.0
2017-05-31,ロケット電機,1666.0
2017-06-30,ロケット電機,1705.0
2017-07-31,ロケット電機,1763.0
2017-08-31,ロケット電機,1724.0
2017-09-30,ロケット電機,1712.0
2017-10-31,ロケット電機,1762.0
2017-11-30,ロケット電機,1704.0
2017-12-31,ロケット電機,1638.0
2018-01-31,ロケット電機,1568.0
2018-02-28,ロケット電機,1560.0
2018-03-31,ロケット電機,1618.0
2018-04-30,ロケット電機,1621.0
2018-05-31,ロケット電機,1606.0
2018-06-30,ロケット電機,1586.0
2018-07-31,ロケット電機,1479.0
2018-08-31,ロケット電機,1441.0
2018-09-30,ロケット電機,1396.0
2018-10-31,ロケット電機,1374.0
2018-11-30,ロケット電機,1431.0
2018-12-31,ロケット電機,1416.0
2019-01-31,ロケット電機,1445.0
2019-02-28,ロケット電機,1438.0
2019-03-31,ロケット電機,1439.0
2019-04-30,ロケット電機,1396.0
2019-05-31,ロケット電機,1371.0
2019-06-30,ロケット電機,1372.0
2019-07-31,ロケット電機,1403.0
2019-08-31,ロケット電機,1357.0
2019-09-30,ロケット電機,1359.0
2019-10-31,ロケット電機,1296.0
2019-11-30,ロケット電機,1296.0
2019-12-31,ロケット電機,1305.0
2020-01-31,ロケット電機,1238.0
2020-02-29,ロケット電機,1190.0
2020-03-31,ロケット電機,1149.0
2020-04-30,ロケット電機,1136.0
2020-05-31,ロケット電機,1114.0
2020-06-30,ロケット電機,1111.0
2020-07-31,ロケット電機,1128.0
2020-08-31,ロケット電機,1132.0
2020-09-30,ロケット電機,1167.0
2020-10-31,ロケット電機,1184.0
2020-11-30,ロケット電機,1167.0
2020-12-31,ロケット電機,1164.0
2021-01-31,ロケット電機,1132.0
2021-02-28,ロケット電機,1104.0
2021-03-31,ロケット電機,1129.0
2021-04-30,ロケット電機,1146.0
2021-05-31,ロケット電機,1192.0
2021-06-30,ロケット電機,1256.0
2021-07-31,ロケット電機,1268.0
2021-08-31,ロケット電機,1298.0
2021-09-30,ロケット電機,1302.0
2021-10-31,ロケット電機,1355.0
2021-11-30,ロケット電機,1355.0
2021-12-31,ロケット電機,1280.0
2022-01-31,ロケット電機,1317.0
2022-02-28,ロケット電機,1290.0
2022-03-31,ロケット電機,1300.0
2022-04-30,ロケット電機,1293.0
2022-05-31,ロケット電機,1255.0
2022-06-30,ロケット電機,1269.0
2022-07-31,ロケット電機,1193.0
2022-08-31,ロケット電機,1174.0
2022-09-30,ロケット電機,1168.0
2022-10-31,ロケット電機,1213.0
2022-11-30,ロケット電機,1267.0
2022-12-31,ロケット電機,1283.0
2023-01-31,ロケット電機,1291.0
2023-02-28,ロケット電機,1270.0
2023-03-31,ロケット電機,1348.0
2023-04-30,ロケット電機,1402.0
2023-05-31,ロケット電機,1403.0
2023-06-30,ロケット電機,1436.0
2023-07-31,ロケット電機,1445.0
2023-08-31,ロケット電機,1439.0
2023-09-30,ロケット電機,1419.0
2023-10-31,ロケット電機,1390.0
2023-11-30,ロケット電機,1425.0
2023-12-31,ロケット電機,1435.0
2024-01-31,ロケット電機,1466.0
2024-02-29,ロケット電機,1461.0
2024-03-31,ロケット電機,1489.0
2024-04-30,ロケット電機,1440.0
2024-05-31,ロケット電機,1450.0
2024-06-30,ロケット電機,1465.0
2024-07-31,ロケット電機,1507.0
2024-08-31,ロケット電機,1558.0
2024-09-30,ロケット電機,1577.0
2024-10-31,ロケット電機,1618.0
2024-11-30,ロケット電機,1592.0
2024-12-31,ロケット電機,1626.0
2025-01-31,ロケット電機,1639.0
2025-02-28,ロケット電機,1613.0
2025-03-31,ロケット電機,1666.0
2025-04-30,ロケット電機,1693.0
2025-05-31,ロケット電機,1792.0
2025-06-30,ロケット電機,1789.0
2025-07-31,ロケット電機,1806.0
2025-08-31,ロケット電機,1701.0
2025-09-30,ロケット電機,1668.0
2025-10-31,ロケット電機,1700.0
2025-11-30,ロケット電機,1721.0
2025-12-31,ロケット電機,1708.0
2026-01-31,ロケット電機,1709.0
2026-02-28,ロケット電機,1668.0
2026-03-31,ロケット電機,1657.0
2011-04-30,キラキラ商事,1028.0
2011-05-31,キラキラ商事,1080.0
2011-06-30,キラキラ商事,1056.0
2011-07-31,キラキラ商事,1051.0
2011-08-31,キラキラ商事,1031.0
2011-09-30,キラキラ商事,1011.0
2011-10-31,キラキラ商事,1035.0
2011-11-30,キラキラ商事,1086.0
2011-12-31,キラキラ商事,1075.0
2012-01-31,キラキラ商事,1072.0
2012-02-29,キラキラ商事,1052.0
2012-03-31,キラキラ商事,1023.0
2012-04-30,キラキラ商事,995.0
2012-05-31,キラキラ商事,1011.0
2012-06-30,キラキラ商事,1028.0
2012-07-31,キラキラ商事,1030.0
2012-08-31,キラキラ商事,1022.0
2012-09-30,キラキラ商事,967.0
2012-10-31,キラキラ商事,948.0
2012-11-30,キラキラ商事,947.0
2012-12-31,キラキラ商事,924.0
2013-01-31,キラキラ商事,927.0
2013-02-28,キラキラ商事,951.0
2013-03-31,キラキラ商事,943.0
2013-04-30,キラキラ商事,942.0
2013-05-31,キラキラ商事,925.0
2013-06-30,キラキラ商事,931.0
2013-07-31,キラキラ商事,936.0
2013-08-31,キラキラ商事,895.0
2013-09-30,キラキラ商事,876.0
2013-10-31,キラキラ商事,844.0
2013-11-30,キラキラ商事,857.0
2013-12-31,キラキラ商事,880.0
2014-01-31,キラキラ商事,884.0
2014-02-28,キラキラ商事,845.0
2014-03-31,キラキラ商事,836.0
2014-04-30,キラキラ商事,800.0
2014-05-31,キラキラ商事,824.0
2014-06-30,キラキラ商事,811.0
2014-07-31,キラキラ商事,810.0
2014-08-31,キラキラ商事,798.0
2014-09-30,キラキラ商事,822.0
2014-10-31,キラキラ商事,797.0
2014-11-30,キラキラ商事,824.0
2014-12-31,キラキラ商事,830.0
2015-01-31,キラキラ商事,816.0
2015-02-28,キラキラ商事,800.0
2015-03-31,キラキラ商事,821.0
2015-04-30,キラキラ商事,818.0
2015-05-31,キラキラ商事,825.0
2015-06-30,キラキラ商事,820.0
2015-07-31,キラキラ商事,841.0
2015-08-31,キラキラ商事,841.0
2015-09-30,キラキラ商事,850.0
2015-10-31,キラキラ商事,857.0
2015-11-30,キラキラ商事,891.0
2015-12-31,キラキラ商事,900.0
2016-01-31,キラキラ商事,860.0
2016-02-29,キラキラ商事,907.0
2016-03-31,キラキラ商事,924.0
2016-04-30,キラキラ商事,914.0
2016-05-31,キラキラ商事,902.0
2016-06-30,キラキラ商事,929.0
2016-07-31,キラキラ商事,930.0
2016-08-31,キラキラ商事,928.0
2016-09-30,キラキラ商事,868.0
2016-10-31,キラキラ商事,875.0
2016-11-30,キラキラ商事,870.0
2016-12-31,キラキラ商事,912.0
2017-01-31,キラキラ商事,911.0
2017-02-28,キラキラ商事,897.0
2017-03-31,キラキラ商事,903.0
2017-04-30,キラキラ商事,919.0
2017-05-31,キラキラ商事,930.0
2017-06-30,キラキラ商事,935.0
2017-07-31,キラキラ商事,953.0
2017-08-31,キラキラ商事,923.0
2017-09-30,キラキラ商事,894.0
2017-10-31,キラキラ商事,909.0
2017-11-30,キラキラ商事,922.0
2017-12-31,キラキラ商事,921.0
2018-01-31,キラキラ商事,870.0
2018-02-28,キラキラ商事,844.0
2018-03-31,キラキラ商事,775.0
2018-04-30,キラキラ商事,824.0
2018-05-31,キラキラ商事,836.0
2018-06-30,キラキラ商事,854.0
2018-07-31,キラキラ商事,854.0
2018-08-31,キラキラ商事,829.0
2018-09-30,キラキラ商事,844.0
2018-10-31,キラキラ商事,826.0
2018-11-30,キラキラ商事,825.0
2018-12-31,キラキラ商事,796.0
2019-01-31,キラキラ商事,770.0
2019-02-28,キラキラ商事,791.0
2019-03-31,キラキラ商事,806.0
2019-04-30,キラキラ商事,777.0
2019-05-31,キラキラ商事,786.0
2019-06-30,キラキラ商事,778.0
2019-07-31,キラキラ商事,781.0
2019-08-31,キラキラ商事,819.0
2019-09-30,キラキラ商事,815.0
2019-10-31,キラキラ商事,813.0
2019-11-30,キラキラ商事,822.0
2019-12-31,キラキラ商事,813.0
2020-01-31,キラキラ商事,837.0
2020-02-29,キラキラ商事,813.0
2020-03-31,キラキラ商事,795.0
2020-04-30,キラキラ商事,778.0
2020-05-31,キラキラ商事,778.0
2020-06-30,キラキラ商事,829.0
2020-07-31,キラキラ商事,817.0
2020-08-31,キラキラ商事,807.0
2020-09-30,キラキラ商事,826.0
2020-10-31,キラキラ商事,812.0
2020-11-30,キラキラ商事,803.0
2020-12-31,キラキラ商事,802.0
2021-01-31,キラキラ商事,772.0
2021-02-28,キラキラ商事,768.0
2021-03-31,キラキラ商事,775.0
2021-04-30,キラキラ商事,782.0
2021-05-31,キラキラ商事,764.0
2021-06-30,キラキラ商事,808.0
2021-07-31,キラキラ商事,775.0
2021-08-31,キラキラ商事,753.0
2021-09-30,キラキラ商事,724.0
2021-10-31,キラキラ商事,692.0
2021-11-30,キラキラ商事,682.0
2021-12-31,キラキラ商事,653.0
2022-01-31,キラキラ商事,663.0
2022-02-28,キラキラ商事,657.0
2022-03-31,キラキラ商事,670.0
2022-04-30,キラキラ商事,662.0
2022-05-31,キラキラ商事,655.0
2022-06-30,キラキラ商事,658.0
2022-07-31,キラキラ商事,667.0
2022-08-31,キラキラ商事,658.0
2022-09-30,キラキラ商事,659.0
2022-10-31,キラキラ商事,668.0
2022-11-30,キラキラ商事,649.0
2022-12-31,キラキラ商事,638.0
2023-01-31,キラキラ商事,642.0
2023-02-28,キラキラ商事,642.0
2023-03-31,キラキラ商事,644.0
2023-04-30,キラキラ商事,639.0
2023-05-31,キラキラ商事,644.0
2023-06-30,キラキラ商事,651.0
2023-07-31,キラキラ商事,643.0
2023-08-31,キラキラ商事,641.0
2023-09-30,キラキラ商事,657.0
2023-10-31,キラキラ商事,673.0
2023-11-30,キラキラ商事,660.0
2023-12-31,キラキラ商事,628.0
2024-01-31,キラキラ商事,635.0
2024-02-29,キラキラ商事,625.0
2024-03-31,キラキラ商事,647.0
2024-04-30,キラキラ商事,671.0
2024-05-31,キラキラ商事,697.0
2024-06-30,キラキラ商事,703.0
2024-07-31,キラキラ商事,698.0
2024-08-31,キラキラ商事,658.0
2024-09-30,キラキラ商事,683.0
2024-10-31,キラキラ商事,709.0
2024-11-30,キラキラ商事,742.0
2024-12-31,キラキラ商事,765.0
2025-01-31,キラキラ商事,793.0
2025-02-28,キラキラ商事,789.0
2025-03-31,キラキラ商事,815.0
2025-04-30,キラキラ商事,846.0
2025-05-31,キラキラ商事,881.0
2025-06-30,キラキラ商事,873.0
2025-07-31,キラキラ商事,921.0
2025-08-31,キラキラ商事,955.0
2025-09-30,キラキラ商事,950.0
2025-10-31,キラキラ商事,982.0
2025-11-30,キラキラ商事,1017.0
2025-12-31,キラキラ商事,1028.0
2026-01-31,キラキラ商事,1084.0
2026-02-28,キラキラ商事,1151.0
2026-03-31,キラキラ商事,1152.0
2011-04-30,かさ屋HD,1012.0
2011-05-31,かさ屋HD,1006.0
2011-06-30,かさ屋HD,1020.0
2011-07-31,かさ屋HD,1023.0
2011-08-31,かさ屋HD,1039.0
2011-09-30,かさ屋HD,1032.0
2011-10-31,かさ屋HD,1033.0
2011-11-30,かさ屋HD,1031.0
2011-12-31,かさ屋HD,1049.0
2012-01-31,かさ屋HD,1027.0
2012-02-29,かさ屋HD,1049.0
2012-03-31,かさ屋HD,1071.0
2012-04-30,かさ屋HD,1066.0
2012-05-31,かさ屋HD,1090.0
2012-06-30,かさ屋HD,1068.0
2012-07-31,かさ屋HD,1089.0
2012-08-31,かさ屋HD,1088.0
2012-09-30,かさ屋HD,1098.0
2012-10-31,かさ屋HD,1110.0
2012-11-30,かさ屋HD,1096.0
2012-12-31,かさ屋HD,1060.0
2013-01-31,かさ屋HD,1081.0
2013-02-28,かさ屋HD,1094.0
2013-03-31,かさ屋HD,1096.0
2013-04-30,かさ屋HD,1116.0
2013-05-31,かさ屋HD,1149.0
2013-06-30,かさ屋HD,1154.0
2013-07-31,かさ屋HD,1160.0
2013-08-31,かさ屋HD,1180.0
2013-09-30,かさ屋HD,1193.0
2013-10-31,かさ屋HD,1184.0
2013-11-30,かさ屋HD,1184.0
2013-12-31,かさ屋HD,1178.0
2014-01-31,かさ屋HD,1187.0
2014-02-28,かさ屋HD,1218.0
2014-03-31,かさ屋HD,1214.0
2014-04-30,かさ屋HD,1228.0
2014-05-31,かさ屋HD,1217.0
2014-06-30,かさ屋HD,1213.0
2014-07-31,かさ屋HD,1214.0
2014-08-31,かさ屋HD,1228.0
2014-09-30,かさ屋HD,1223.0
2014-10-31,かさ屋HD,1230.0
2014-11-30,かさ屋HD,1234.0
2014-12-31,かさ屋HD,1235.0
2015-01-31,かさ屋HD,1241.0
2015-02-28,かさ屋HD,1214.0
2015-03-31,かさ屋HD,1239.0
2015-04-30,かさ屋HD,1223.0
2015-05-31,かさ屋HD,1228.0
2015-06-30,かさ屋HD,1227.0
2015-07-31,かさ屋HD,1254.0
2015-08-31,かさ屋HD,1259.0
2015-09-30,かさ屋HD,1230.0
2015-10-31,かさ屋HD,1228.0
2015-11-30,かさ屋HD,1249.0
2015-12-31,かさ屋HD,1253.0
2016-01-31,かさ屋HD,1283.0
2016-02-29,かさ屋HD,1324.0
2016-03-31,かさ屋HD,1324.0
2016-04-30,かさ屋HD,1303.0
2016-05-31,かさ屋HD,1334.0
2016-06-30,かさ屋HD,1324.0
2016-07-31,かさ屋HD,1316.0
2016-08-31,かさ屋HD,1318.0
2016-09-30,かさ屋HD,1314.0
2016-10-31,かさ屋HD,1271.0
2016-11-30,かさ屋HD,1270.0
2016-12-31,かさ屋HD,1268.0
2017-01-31,かさ屋HD,1277.0
2017-02-28,かさ屋HD,1299.0
2017-03-31,かさ屋HD,1308.0
2017-04-30,かさ屋HD,1307.0
2017-05-31,かさ屋HD,1293.0
2017-06-30,かさ屋HD,1325.0
2017-07-31,かさ屋HD,1332.0
2017-08-31,かさ屋HD,1352.0
2017-09-30,かさ屋HD,1355.0
2017-10-31,かさ屋HD,1343.0
2017-11-30,かさ屋HD,1379.0
2017-12-31,かさ屋HD,1374.0
2018-01-31,かさ屋HD,1393.0
2018-02-28,かさ屋HD,1418.0
2018-03-31,かさ屋HD,1391.0
2018-04-30,かさ屋HD,1379.0
2018-05-31,かさ屋HD,1380.0
2018-06-30,かさ屋HD,1406.0
2018-07-31,かさ屋HD,1471.0
2018-08-31,かさ屋HD,1490.0
2018-09-30,かさ屋HD,1498.0
2018-10-31,かさ屋HD,1501.0
2018-11-30,かさ屋HD,1480.0
2018-12-31,かさ屋HD,1445.0
2019-01-31,かさ屋HD,1442.0
2019-02-28,かさ屋HD,1475.0
2019-03-31,かさ屋HD,1475.0
2019-04-30,かさ屋HD,1529.0
2019-05-31,かさ屋HD,1560.0
2019-06-30,かさ屋HD,1579.0
2019-07-31,かさ屋HD,1594.0
2019-08-31,かさ屋HD,1598.0
2019-09-30,かさ屋HD,1626.0
2019-10-31,かさ屋HD,1657.0
2019-11-30,かさ屋HD,1678.0
2019-12-31,かさ屋HD,1707.0
2020-01-31,かさ屋HD,1737.0
2020-02-29,かさ屋HD,1788.0
2020-03-31,かさ屋HD,1771.0
2020-04-30,かさ屋HD,1775.0
2020-05-31,かさ屋HD,1801.0
2020-06-30,かさ屋HD,1824.0
2020-07-31,かさ屋HD,1818.0
2020-08-31,かさ屋HD,1834.0
2020-09-30,かさ屋HD,1778.0
2020-10-31,かさ屋HD,1761.0
2020-11-30,かさ屋HD,1767.0
2020-12-31,かさ屋HD,1795.0
2021-01-31,かさ屋HD,1797.0
2021-02-28,かさ屋HD,1792.0
2021-03-31,かさ屋HD,1804.0
2021-04-30,かさ屋HD,1773.0
2021-05-31,かさ屋HD,1769.0
2021-06-30,かさ屋HD,1786.0
2021-07-31,かさ屋HD,1806.0
2021-08-31,かさ屋HD,1786.0
2021-09-30,かさ屋HD,1771.0
2021-10-31,かさ屋HD,1799.0
2021-11-30,かさ屋HD,1788.0
2021-12-31,かさ屋HD,1835.0
2022-01-31,かさ屋HD,1828.0
2022-02-28,かさ屋HD,1816.0
2022-03-31,かさ屋HD,1832.0
2022-04-30,かさ屋HD,1817.0
2022-05-31,かさ屋HD,1833.0
2022-06-30,かさ屋HD,1797.0
2022-07-31,かさ屋HD,1793.0
2022-08-31,かさ屋HD,1811.0
2022-09-30,かさ屋HD,1812.0
2022-10-31,かさ屋HD,1774.0
2022-11-30,かさ屋HD,1769.0
2022-12-31,かさ屋HD,1789.0
2023-01-31,かさ屋HD,1782.0
2023-02-28,かさ屋HD,1763.0
2023-03-31,かさ屋HD,1722.0
2023-04-30,かさ屋HD,1679.0
2023-05-31,かさ屋HD,1711.0
2023-06-30,かさ屋HD,1677.0
2023-07-31,かさ屋HD,1687.0
2023-08-31,かさ屋HD,1688.0
2023-09-30,かさ屋HD,1680.0
2023-10-31,かさ屋HD,1706.0
2023-11-30,かさ屋HD,1694.0
2023-12-31,かさ屋HD,1680.0
2024-01-31,かさ屋HD,1661.0
2024-02-29,かさ屋HD,1682.0
2024-03-31,かさ屋HD,1693.0
2024-04-30,かさ屋HD,1672.0
2024-05-31,かさ屋HD,1684.0
2024-06-30,かさ屋HD,1683.0
2024-07-31,かさ屋HD,1682.0
2024-08-31,かさ屋HD,1715.0
2024-09-30,かさ屋HD,1687.0
2024-10-31,かさ屋HD,1719.0
2024-11-30,かさ屋HD,1783.0
2024-12-31,かさ屋HD,1754.0
2025-01-31,かさ屋HD,1748.0
2025-02-28,かさ屋HD,1755.0
2025-03-31,かさ屋HD,1791.0
2025-04-30,かさ屋HD,1838.0
2025-05-31,かさ屋HD,1827.0
2025-06-30,かさ屋HD,1811.0
2025-07-31,かさ屋HD,1842.0
2025-08-31,かさ屋HD,1873.0
2025-09-30,かさ屋HD,1854.0
2025-10-31,かさ屋HD,1798.0
2025-11-30,かさ屋HD,1744.0
2025-12-31,かさ屋HD,1734.0
2026-01-31,かさ屋HD,1726.0
2026-02-28,かさ屋HD,1745.0
2026-03-31,かさ屋HD,1775.0
2011-04-30,そらとび旅行,979.0
2011-05-31,そらとび旅行,994.0
2011-06-30,そらとび旅行,1005.0
2011-07-31,そらとび旅行,1003.0
2011-08-31,そらとび旅行,1022.0
2011-09-30,そらとび旅行,1048.0
2011-10-31,そらとび旅行,1062.0
2011-11-30,そらとび旅行,1077.0
2011-12-31,そらとび旅行,1060.0
2012-01-31,そらとび旅行,1060.0
2012-02-29,そらとび旅行,1051.0
2012-03-31,そらとび旅行,1066.0
2012-04-30,そらとび旅行,1070.0
2012-05-31,そらとび旅行,1042.0
2012-06-30,そらとび旅行,1063.0
2012-07-31,そらとび旅行,1052.0
2012-08-31,そらとび旅行,1034.0
2012-09-30,そらとび旅行,1027.0
2012-10-31,そらとび旅行,1032.0
2012-11-30,そらとび旅行,1033.0
2012-12-31,そらとび旅行,1075.0
2013-01-31,そらとび旅行,1053.0
2013-02-28,そらとび旅行,1049.0
2013-03-31,そらとび旅行,1065.0
2013-04-30,そらとび旅行,1061.0
2013-05-31,そらとび旅行,1036.0
2013-06-30,そらとび旅行,1038.0
2013-07-31,そらとび旅行,1041.0
2013-08-31,そらとび旅行,1051.0
2013-09-30,そらとび旅行,1036.0
2013-10-31,そらとび旅行,1060.0
2013-11-30,そらとび旅行,1062.0
2013-12-31,そらとび旅行,1083.0
2014-01-31,そらとび旅行,1060.0
2014-02-28,そらとび旅行,1012.0
2014-03-31,そらとび旅行,1034.0
2014-04-30,そらとび旅行,1032.0
2014-05-31,そらとび旅行,1046.0
2014-06-30,そらとび旅行,1040.0
2014-07-31,そらとび旅行,1039.0
2014-08-31,そらとび旅行,1039.0
2014-09-30,そらとび旅行,1054.0
2014-10-31,そらとび旅行,1039.0
2014-11-30,そらとび旅行,1039.0
2014-12-31,そらとび旅行,1034.0
2015-01-31,そらとび旅行,1028.0
2015-02-28,そらとび旅行,1077.0
2015-03-31,そらとび旅行,1072.0
2015-04-30,そらとび旅行,1107.0
2015-05-31,そらとび旅行,1105.0
2015-06-30,そらとび旅行,1105.0
2015-07-31,そらとび旅行,1086.0
2015-08-31,そらとび旅行,1115.0
2015-09-30,そらとび旅行,1144.0
2015-10-31,そらとび旅行,1123.0
2015-11-30,そらとび旅行,1130.0
2015-12-31,そらとび旅行,1112.0
2016-01-31,そらとび旅行,1089.0
2016-02-29,そらとび旅行,1077.0
2016-03-31,そらとび旅行,1089.0
2016-04-30,そらとび旅行,1096.0
2016-05-31,そらとび旅行,1100.0
2016-06-30,そらとび旅行,1119.0
2016-07-31,そらとび旅行,1140.0
2016-08-31,そらとび旅行,1164.0
2016-09-30,そらとび旅行,1192.0
2016-10-31,そらとび旅行,1202.0
2016-11-30,そらとび旅行,1213.0
2016-12-31,そらとび旅行,1225.0
2017-01-31,そらとび旅行,1242.0
2017-02-28,そらとび旅行,1245.0
2017-03-31,そらとび旅行,1237.0
2017-04-30,そらとび旅行,1237.0
2017-05-31,そらとび旅行,1244.0
2017-06-30,そらとび旅行,1262.0
2017-07-31,そらとび旅行,1277.0
2017-08-31,そらとび旅行,1282.0
2017-09-30,そらとび旅行,1278.0
2017-10-31,そらとび旅行,1315.0
2017-11-30,そらとび旅行,1297.0
2017-12-31,そらとび旅行,1306.0
2018-01-31,そらとび旅行,1262.0
2018-02-28,そらとび旅行,1255.0
2018-03-31,そらとび旅行,1283.0
2018-04-30,そらとび旅行,1281.0
2018-05-31,そらとび旅行,1291.0
2018-06-30,そらとび旅行,1266.0
2018-07-31,そらとび旅行,1234.0
2018-08-31,そらとび旅行,1210.0
2018-09-30,そらとび旅行,1209.0
2018-10-31,そらとび旅行,1198.0
2018-11-30,そらとび旅行,1227.0
2018-12-31,そらとび旅行,1246.0
2019-01-31,そらとび旅行,1284.0
2019-02-28,そらとび旅行,1274.0
2019-03-31,そらとび旅行,1276.0
2019-04-30,そらとび旅行,1254.0
2019-05-31,そらとび旅行,1228.0
2019-06-30,そらとび旅行,1207.0
2019-07-31,そらとび旅行,1204.0
2019-08-31,そらとび旅行,1177.0
2019-09-30,そらとび旅行,1169.0
2019-10-31,そらとび旅行,1114.0
2019-11-30,そらとび旅行,1086.0
2019-12-31,そらとび旅行,1088.0
2020-01-31,そらとび旅行,1080.0
2020-02-29,そらとび旅行,1057.0
2020-03-31,そらとび旅行,1062.0
2020-04-30,そらとび旅行,1079.0
2020-05-31,そらとび旅行,1065.0
2020-06-30,そらとび旅行,1065.0
2020-07-31,そらとび旅行,1083.0
2020-08-31,そらとび旅行,1097.0
2020-09-30,そらとび旅行,1118.0
2020-10-31,そらとび旅行,1111.0
2020-11-30,そらとび旅行,1115.0
2020-12-31,そらとび旅行,1110.0
2021-01-31,そらとび旅行,1128.0
2021-02-28,そらとび旅行,1132.0
2021-03-31,そらとび旅行,1164.0
2021-04-30,そらとび旅行,1166.0
2021-05-31,そらとび旅行,1187.0
2021-06-30,そらとび旅行,1225.0
2021-07-31,そらとび旅行,1216.0
2021-08-31,そらとび旅行,1257.0
2021-09-30,そらとび旅行,1250.0
2021-10-31,そらとび旅行,1267.0
2021-11-30,そらとび旅行,1278.0
2021-12-31,そらとび旅行,1241.0
2022-01-31,そらとび旅行,1264.0
2022-02-28,そらとび旅行,1263.0
2022-03-31,そらとび旅行,1272.0
2022-04-30,そらとび旅行,1288.0
2022-05-31,そらとび旅行,1267.0
2022-06-30,そらとび旅行,1277.0
2022-07-31,そらとび旅行,1293.0
2022-08-31,そらとび旅行,1308.0
2022-09-30,そらとび旅行,1281.0
2022-10-31,そらとび旅行,1313.0
2022-11-30,そらとび旅行,1319.0
2022-12-31,そらとび旅行,1308.0
2023-01-31,そらとび旅行,1351.0
2023-02-28,そらとび旅行,1352.0
2023-03-31,そらとび旅行,1395.0
2023-04-30,そらとび旅行,1455.0
2023-05-31,そらとび旅行,1450.0
2023-06-30,そらとび旅行,1513.0
2023-07-31,そらとび旅行,1523.0
2023-08-31,そらとび旅行,1517.0
2023-09-30,そらとび旅行,1523.0
2023-10-31,そらとび旅行,1487.0
2023-11-30,そらとび旅行,1511.0
2023-12-31,そらとび旅行,1525.0
2024-01-31,そらとび旅行,1569.0
2024-02-29,そらとび旅行,1516.0
2024-03-31,そらとび旅行,1560.0
2024-04-30,そらとび旅行,1589.0
2024-05-31,そらとび旅行,1586.0
2024-06-30,そらとび旅行,1603.0
2024-07-31,そらとび旅行,1602.0
2024-08-31,そらとび旅行,1616.0
2024-09-30,そらとび旅行,1620.0
2024-10-31,そらとび旅行,1633.0
2024-11-30,そらとび旅行,1606.0
2024-12-31,そらとび旅行,1641.0
2025-01-31,そらとび旅行,1625.0
2025-02-28,そらとび旅行,1624.0
2025-03-31,そらとび旅行,1601.0
2025-04-30,そらとび旅行,1598.0
2025-05-31,そらとび旅行,1612.0
2025-06-30,そらとび旅行,1646.0
2025-07-31,そらとび旅行,1671.0
2025-08-31,そらとび旅行,1640.0
2025-09-30,そらとび旅行,1668.0
2025-10-31,そらとび旅行,1701.0
2025-11-30,そらとび旅行,1755.0
2025-12-31,そらとび旅行,1730.0
2026-01-31,そらとび旅行,1735.0
2026-02-28,そらとび旅行,1736.0
2026-03-31,そらとび旅行,1687.0
2011-04-30,ドライブ自動車,972.0
2011-05-31,ドライブ自動車,982.0
2011-06-30,ドライブ自動車,982.0
2011-07-31,ドライブ自動車,986.0
2011-08-31,ドライブ自動車,981.0
2011-09-30,ドライブ自動車,987.0
2011-10-31,ドライブ自動車,992.0
2011-11-30,ドライブ自動車,998.0
2011-12-31,ドライブ自動車,988.0
2012-01-31,ドライブ自動車,1012.0
2012-02-29,ドライブ自動車,997.0
2012-03-31,ドライブ自動車,1016.0
2012-04-30,ドライブ自動車,1033.0
2012-05-31,ドライブ自動車,1016.0
2012-06-30,ドライブ自動車,1034.0
2012-07-31,ドライブ自動車,1019.0
2012-08-31,ドライブ自動車,1002.0
2012-09-30,ドライブ自動車,1003.0
2012-10-31,ドライブ自動車,997.0
2012-11-30,ドライブ自動車,999.0
2012-12-31,ドライブ自動車,1040.0
2013-01-31,ドライブ自動車,1021.0
2013-02-28,ドライブ自動車,998.0
2013-03-31,ドライブ自動車,1013.0
2013-04-30,ドライブ自動車,1006.0
2013-05-31,ドライブ自動車,989.0
2013-06-30,ドライブ自動車,984.0
2013-07-31,ドライブ自動車,975.0
2013-08-31,ドライブ自動車,986.0
2013-09-30,ドライブ自動車,987.0
2013-10-31,ドライブ自動車,1027.0
2013-11-30,ドライブ自動車,1043.0
2013-12-31,ドライブ自動車,1072.0
2014-01-31,ドライブ自動車,1068.0
2014-02-28,ドライブ自動車,1028.0
2014-03-31,ドライブ自動車,1051.0
2014-04-30,ドライブ自動車,1070.0
2014-05-31,ドライブ自動車,1092.0
2014-06-30,ドライブ自動車,1099.0
2014-07-31,ドライブ自動車,1096.0
2014-08-31,ドライブ自動車,1095.0
2014-09-30,ドライブ自動車,1113.0
2014-10-31,ドライブ自動車,1097.0
2014-11-30,ドライブ自動車,1076.0
2014-12-31,ドライブ自動車,1091.0
2015-01-31,ドライブ自動車,1099.0
2015-02-28,ドライブ自動車,1135.0
2015-03-31,ドライブ自動車,1137.0
2015-04-30,ドライブ自動車,1163.0
2015-05-31,ドライブ自動車,1175.0
2015-06-30,ドライブ自動車,1187.0
2015-07-31,ドライブ自動車,1194.0
2015-08-31,ドライブ自動車,1203.0
2015-09-30,ドライブ自動車,1227.0
2015-10-31,ドライブ自動車,1226.0
2015-11-30,ドライブ自動車,1225.0
2015-12-31,ドライブ自動車,1212.0
2016-01-31,ドライブ自動車,1215.0
2016-02-29,ドライブ自動車,1178.0
2016-03-31,ドライブ自動車,1175.0
2016-04-30,ドライブ自動車,1205.0
2016-05-31,ドライブ自動車,1216.0
2016-06-30,ドライブ自動車,1208.0
2016-07-31,ドライブ自動車,1220.0
2016-08-31,ドライブ自動車,1239.0
2016-09-30,ドライブ自動車,1248.0
2016-10-31,ドライブ自動車,1265.0
2016-11-30,ドライブ自動車,1289.0
2016-12-31,ドライブ自動車,1333.0
2017-01-31,ドライブ自動車,1334.0
2017-02-28,ドライブ自動車,1333.0
2017-03-31,ドライブ自動車,1349.0
2017-04-30,ドライブ自動車,1337.0
2017-05-31,ドライブ自動車,1363.0
2017-06-30,ドライブ自動車,1363.0
2017-07-31,ドライブ自動車,1378.0
2017-08-31,ドライブ自動車,1391.0
2017-09-30,ドライブ自動車,1411.0
2017-10-31,ドライブ自動車,1436.0
2017-11-30,ドライブ自動車,1393.0
2017-12-31,ドライブ自動車,1404.0
2018-01-31,ドライブ自動車,1350.0
2018-02-28,ドライブ自動車,1339.0
2018-03-31,ドライブ自動車,1354.0
2018-04-30,ドライブ自動車,1358.0
2018-05-31,ドライブ自動車,1383.0
2018-06-30,ドライブ自動車,1377.0
2018-07-31,ドライブ自動車,1362.0
2018-08-31,ドライブ自動車,1335.0
2018-09-30,ドライブ自動車,1351.0
2018-10-31,ドライブ自動車,1347.0
2018-11-30,ドライブ自動車,1380.0
2018-12-31,ドライブ自動車,1425.0
2019-01-31,ドライブ自動車,1450.0
2019-02-28,ドライブ自動車,1424.0
2019-03-31,ドライブ自動車,1448.0
2019-04-30,ドライブ自動車,1423.0
2019-05-31,ドライブ自動車,1399.0
2019-06-30,ドライブ自動車,1364.0
2019-07-31,ドライブ自動車,1331.0
2019-08-31,ドライブ自動車,1308.0
2019-09-30,ドライブ自動車,1284.0
2019-10-31,ドライブ自動車,1230.0
2019-11-30,ドライブ自動車,1236.0
2019-12-31,ドライブ自動車,1228.0
2020-01-31,ドライブ自動車,1225.0
2020-02-29,ドライブ自動車,1181.0
2020-03-31,ドライブ自動車,1165.0
2020-04-30,ドライブ自動車,1172.0
2020-05-31,ドライブ自動車,1146.0
2020-06-30,ドライブ自動車,1153.0
2020-07-31,ドライブ自動車,1156.0
2020-08-31,ドライブ自動車,1147.0
2020-09-30,ドライブ自動車,1159.0
2020-10-31,ドライブ自動車,1167.0
2020-11-30,ドライブ自動車,1164.0
2020-12-31,ドライブ自動車,1162.0
2021-01-31,ドライブ自動車,1186.0
2021-02-28,ドライブ自動車,1191.0
2021-03-31,ドライブ自動車,1199.0
2021-04-30,ドライブ自動車,1201.0
2021-05-31,ドライブ自動車,1241.0
2021-06-30,ドライブ自動車,1274.0
2021-07-31,ドライブ自動車,1285.0
2021-08-31,ドライブ自動車,1306.0
2021-09-30,ドライブ自動車,1300.0
2021-10-31,ドライブ自動車,1302.0
2021-11-30,ドライブ自動車,1315.0
2021-12-31,ドライブ自動車,1265.0
2022-01-31,ドライブ自動車,1287.0
2022-02-28,ドライブ自動車,1313.0
2022-03-31,ドライブ自動車,1296.0
2022-04-30,ドライブ自動車,1318.0
2022-05-31,ドライブ自動車,1290.0
2022-06-30,ドライブ自動車,1307.0
2022-07-31,ドライブ自動車,1310.0
2022-08-31,ドライブ自動車,1341.0
2022-09-30,ドライブ自動車,1331.0
2022-10-31,ドライブ自動車,1372.0
2022-11-30,ドライブ自動車,1384.0
2022-12-31,ドライブ自動車,1347.0
2023-01-31,ドライブ自動車,1382.0
2023-02-28,ドライブ自動車,1345.0
2023-03-31,ドライブ自動車,1402.0
2023-04-30,ドライブ自動車,1442.0
2023-05-31,ドライブ自動車,1404.0
2023-06-30,ドライブ自動車,1449.0
2023-07-31,ドライブ自動車,1486.0
2023-08-31,ドライブ自動車,1496.0
2023-09-30,ドライブ自動車,1527.0
2023-10-31,ドライブ自動車,1509.0
2023-11-30,ドライブ自動車,1512.0
2023-12-31,ドライブ自動車,1544.0
2024-01-31,ドライブ自動車,1567.0
2024-02-29,ドライブ自動車,1538.0
2024-03-31,ドライブ自動車,1557.0
2024-04-30,ドライブ自動車,1580.0
2024-05-31,ドライブ自動車,1583.0
2024-06-30,ドライブ自動車,1612.0
2024-07-31,ドライブ自動車,1630.0
2024-08-31,ドライブ自動車,1606.0
2024-09-30,ドライブ自動車,1612.0
2024-10-31,ドライブ自動車,1636.0
2024-11-30,ドライブ自動車,1605.0
2024-12-31,ドライブ自動車,1640.0
2025-01-31,ドライブ自動車,1660.0
2025-02-28,ドライブ自動車,1663.0
2025-03-31,ドライブ自動車,1652.0
2025-04-30,ドライブ自動車,1636.0
2025-05-31,ドライブ自動車,1661.0
2025-06-30,ドライブ自動車,1679.0
2025-07-31,ドライブ自動車,1663.0
2025-08-31,ドライブ自動車,1628.0
2025-09-30,ドライブ自動車,1637.0
2025-10-31,ドライブ自動車,1690.0
2025-11-30,ドライブ自動車,1720.0
2025-12-31,ドライブ自動車,1720.0
2026-01-31,ドライブ自動車,1726.0
2026-02-28,ドライブ自動車,1738.0
2026-03-31,ドライブ自動車,1677.0
